{"cameraMode":{"drawMode":0,"name":"Shaded","section":"Shading Mode"},"sceneLighting":false,"audioPlay":false,"sceneViewState":{"showFog":true,"showMaterialUpdate":false,"showSkybox":true,"showFlares":true,"showImageEffects":true,"showParticleSystems":true},"in2DMode":false,"pivot":{"x":1.1920928955078126e-7,"y":0.4819600582122803,"z":-0.036714330315589908},"rotation":{"x":-0.1964249163866043,"y":0.5793864727020264,"z":-0.14639970660209657,"w":-0.7773646116256714},"size":1.8633465766906739,"orthographic":false}