{"cameraMode":{"drawMode":0,"name":"Shaded","section":"Shading Mode"},"sceneLighting":true,"audioPlay":false,"sceneViewState":{"showFog":true,"showMaterialUpdate":false,"showSkybox":true,"showFlares":true,"showImageEffects":true,"showParticleSystems":true},"in2DMode":false,"pivot":{"x":-1.1087684631347657,"y":2.2835569381713869,"z":0.20051679015159608},"rotation":{"x":-0.15321549773216248,"y":0.23472672700881959,"z":-0.03749413415789604,"w":-0.95917809009552},"size":5.995370864868164,"orthographic":false}